	Species	Demog Model	Selection Coefficient	Dominance Coefficient	Sweep Start Time	Gene Conversion Ratio	Good Rep %	Fixed %	Partial %	Sweeping mut absent from samp%	Mean Recombinant Pop Freq (fixed)	Fraction Soft in Pop (fixed)	Mean Recombinant Sample Freq (fixed)	Fraction Soft in Sample (fixed)	Mean Recombinant Sample Freq (incomplete)	Mean Rec Sample Freq (all)	SEM Rec Sample Freq (all)	Fraction Soft in Sample (incomplete)	Mean Sweep Freq in Sample (incomplete)
0	DroMel	const1pop	0.001	0.0	0.01	0.0	1.0	0.004	0.743	0.253	NA	0.0	NA	0.0	NA	NA	NA	0.0	0.04495983935742972
1	DroMel	const1pop	0.001	0.0	0.01	1.0	1.0	0.005	0.729	0.266	0.4347088	1.0	0.43800000000000006	1.0	0.6735995606997593	0.6712388436586796	0.015090377202629363	0.6776406035665294	0.03725125628140703
2	DroMel	const1pop	0.001	0.0	0.01	10.0	1.0	0.009	0.737	0.254	0.9870168888888888	1.0	0.9894444444444443	1.0	0.9977041233289071	0.9976043419732558	0.0005989797676251652	0.9986431478968792	0.0474318869828456
3	DroMel	const1pop	0.001	0.0	0.01	5.0	1.0	0.003	0.75	0.247	0.878831	1.0	0.8866666666666667	1.0	0.9618809023578493	0.9615743225928036	0.004243365158666639	0.9773333333333334	0.04996489468405215
4	DroMel	const1pop	0.001	0.0	0.01	50.0	1.0	0.007	0.743	0.25	1.0	1.0	1.0	1.0	0.9997791302570872	0.999781191708021	0.0001916782467819188	1.0	0.036807653575025176
5	DroMel	const1pop	0.001	0.0	0.05	0.0	1.0	0.996	0.002	0.002	NA	0.0	NA	0.0	NA	NA	NA	0.0	0.017499999999999998
6	DroMel	const1pop	0.001	0.0	0.05	1.0	1.0	0.996	0.004	0.0	0.6317536019076305	1.0	0.630652610441767	1.0	1.0	0.6321300000000001	0.009662125530636093	1.0	0.255
7	DroMel	const1pop	0.001	0.0	0.05	10.0	1.0	0.993	0.005	0.002	0.9957730110775429	1.0	0.9956797583081571	1.0	0.9888888888888889	0.995645735916277	0.0005217992544423759	1.0	0.31071428571428567
8	DroMel	const1pop	0.001	0.0	0.05	5.0	1.0	0.997	0.003	0.0	0.9790977031093281	1.0	0.9790020060180541	1.0	0.9901960784313726	0.9790355882352941	0.001699108725692591	1.0	0.09333333333333334
9	DroMel	const1pop	0.001	0.0	0.05	50.0	1.0	1.0	0.0	0.0	0.9995778499999999	1.0	0.999575	1.0	NA	0.999575	0.00010957363451753067	NA	NA
10	DroMel	const1pop	0.001	0.0	0.1	0.0	1.0	1.0	0.0	0.0	NA	0.0	NA	0.0	NA	NA	NA	NA	NA
11	DroMel	const1pop	0.001	0.0	0.1	1.0	1.0	1.0	0.0	0.0	0.6417783082999999	1.0	0.642385	1.0	NA	0.642385	0.009746375152004133	NA	NA
12	DroMel	const1pop	0.001	0.0	0.1	10.0	1.0	1.0	0.0	0.0	0.99571597	1.0	0.995845	1.0	NA	0.995845	0.0005051397243744953	NA	NA
13	DroMel	const1pop	0.001	0.0	0.1	5.0	1.0	1.0	0.0	0.0	0.979458734	1.0	0.9795600000000001	1.0	NA	0.9795600000000001	0.0017098186687131123	NA	NA
14	DroMel	const1pop	0.001	0.0	0.1	50.0	1.0	1.0	0.0	0.0	0.999264849	1.0	0.9991949999999999	1.0	NA	0.9991949999999999	0.00020289934239209144	NA	NA
15	DroMel	const1pop	0.001	0.0	0.5	0.0	1.0	1.0	0.0	0.0	NA	0.0	NA	0.0	NA	NA	NA	NA	NA
16	DroMel	const1pop	0.001	0.0	0.5	1.0	1.0	1.0	0.0	0.0	0.6282218822	1.0	0.627855	1.0	NA	0.627855	0.009776950584805969	NA	NA
17	DroMel	const1pop	0.001	0.0	0.5	10.0	1.0	1.0	0.0	0.0	0.995895914	1.0	0.9961550000000001	1.0	NA	0.9961550000000001	0.0004384440764889045	NA	NA
18	DroMel	const1pop	0.001	0.0	0.5	5.0	1.0	1.0	0.0	0.0	0.978510464	1.0	0.9783399999999999	1.0	NA	0.9783399999999999	0.0016816278637892131	NA	NA
19	DroMel	const1pop	0.001	0.0	0.5	50.0	1.0	1.0	0.0	0.0	0.999408639	1.0	0.999285	1.0	NA	0.999285	0.00016520007889243293	NA	NA
20	DroMel	const1pop	0.001	0.0	1.0	0.0	1.0	1.0	0.0	0.0	NA	0.0	NA	0.0	NA	NA	NA	NA	NA
21	DroMel	const1pop	0.001	0.0	1.0	1.0	1.0	1.0	0.0	0.0	0.6320303027	1.0	0.631615	1.0	NA	0.631615	0.00984058452932949	NA	NA
22	DroMel	const1pop	0.001	0.0	1.0	10.0	1.0	1.0	0.0	0.0	0.9961320109999999	1.0	0.9960699999999999	1.0	NA	0.9960699999999999	0.000451895241520985	NA	NA
23	DroMel	const1pop	0.001	0.0	1.0	5.0	1.0	1.0	0.0	0.0	0.981179561	1.0	0.980905	1.0	NA	0.980905	0.0015602853794948748	NA	NA
24	DroMel	const1pop	0.001	0.0	1.0	50.0	1.0	1.0	0.0	0.0	0.99929809	1.0	0.99924	1.0	NA	0.99924	0.00018763690364000262	NA	NA
25	DroMel	const1pop	0.001	0.5	0.01	0.0	1.0	1.0	0.0	0.0	NA	0.0	NA	0.0	NA	NA	NA	NA	NA
26	DroMel	const1pop	0.001	0.5	0.01	1.0	1.0	1.0	0.0	0.0	0.1532068697	1.0	0.15291	1.0	NA	0.15291	0.005705478453590407	NA	NA
27	DroMel	const1pop	0.001	0.5	0.01	10.0	1.0	1.0	0.0	0.0	0.778737862	1.0	0.778515	1.0	NA	0.778515	0.00499716333697593	NA	NA
28	DroMel	const1pop	0.001	0.5	0.01	5.0	1.0	1.0	0.0	0.0	0.555779512	1.0	0.5563599999999999	1.0	NA	0.5563599999999999	0.006911687335363328	NA	NA
29	DroMel	const1pop	0.001	0.5	0.01	50.0	1.0	1.0	0.0	0.0	0.9971544739999999	1.0	0.997155	1.0	NA	0.997155	0.0002577739754560621	NA	NA
30	DroMel	const1pop	0.001	0.5	0.05	0.0	1.0	1.0	0.0	0.0	NA	0.0	NA	0.0	NA	NA	NA	NA	NA
31	DroMel	const1pop	0.001	0.5	0.05	1.0	1.0	1.0	0.0	0.0	0.1456596872	1.0	0.14435	1.0	NA	0.14435	0.005199467469074306	NA	NA
32	DroMel	const1pop	0.001	0.5	0.05	10.0	1.0	1.0	0.0	0.0	0.7739299490000001	1.0	0.7742950000000001	1.0	NA	0.7742950000000001	0.004773721440489735	NA	NA
33	DroMel	const1pop	0.001	0.5	0.05	5.0	1.0	1.0	0.0	0.0	0.5405342479999999	1.0	0.541555	1.0	NA	0.541555	0.006706760590077195	NA	NA
34	DroMel	const1pop	0.001	0.5	0.05	50.0	1.0	1.0	0.0	0.0	0.9967017930000001	1.0	0.9969049999999999	1.0	NA	0.9969049999999999	0.0002665840243563784	NA	NA
35	DroMel	const1pop	0.001	0.5	0.1	0.0	1.0	1.0	0.0	0.0	NA	0.0	NA	0.0	NA	NA	NA	NA	NA
36	DroMel	const1pop	0.001	0.5	0.1	1.0	1.0	1.0	0.0	0.0	0.1455236255	1.0	0.146905	1.0	NA	0.146905	0.005309546803848918	NA	NA
37	DroMel	const1pop	0.001	0.5	0.1	10.0	1.0	1.0	0.0	0.0	0.7842249729999999	1.0	0.78296	1.0	NA	0.78296	0.004953122431539707	NA	NA
38	DroMel	const1pop	0.001	0.5	0.1	5.0	1.0	1.0	0.0	0.0	0.534228132	1.0	0.5320550000000001	1.0	NA	0.5320550000000001	0.006761428761282182	NA	NA
39	DroMel	const1pop	0.001	0.5	0.1	50.0	1.0	1.0	0.0	0.0	0.996788562	1.0	0.996895	1.0	NA	0.996895	0.0002903761238347488	NA	NA
40	DroMel	const1pop	0.001	0.5	0.5	0.0	1.0	1.0	0.0	0.0	NA	0.0	NA	0.0	NA	NA	NA	NA	NA
41	DroMel	const1pop	0.001	0.5	0.5	1.0	1.0	1.0	0.0	0.0	0.14601311050000002	1.0	0.146295	1.0	NA	0.146295	0.005307703806232474	NA	NA
42	DroMel	const1pop	0.001	0.5	0.5	10.0	1.0	1.0	0.0	0.0	0.776238045	1.0	0.7750699999999999	1.0	NA	0.7750699999999999	0.004842752042728116	NA	NA
43	DroMel	const1pop	0.001	0.5	0.5	5.0	1.0	1.0	0.0	0.0	0.547630963	1.0	0.547145	1.0	NA	0.547145	0.006929180147211682	NA	NA
44	DroMel	const1pop	0.001	0.5	0.5	50.0	1.0	1.0	0.0	0.0	0.9966371650000001	1.0	0.996465	1.0	NA	0.996465	0.00030923195080618615	NA	NA
45	DroMel	const1pop	0.001	0.5	1.0	0.0	1.0	1.0	0.0	0.0	NA	0.0	NA	0.0	NA	NA	NA	NA	NA
46	DroMel	const1pop	0.001	0.5	1.0	1.0	1.0	1.0	0.0	0.0	0.14609185819999998	1.0	0.14644644644644642	0.999	NA	0.14644644644644642	0.005271450833515153	NA	NA
47	DroMel	const1pop	0.001	0.5	1.0	10.0	1.0	1.0	0.0	0.0	0.7783805	1.0	0.77912	1.0	NA	0.77912	0.004818879247003104	NA	NA
48	DroMel	const1pop	0.001	0.5	1.0	5.0	1.0	1.0	0.0	0.0	0.5467439930000001	1.0	0.5463450000000001	1.0	NA	0.5463450000000001	0.006732119830514933	NA	NA
49	DroMel	const1pop	0.001	0.5	1.0	50.0	1.0	1.0	0.0	0.0	0.996490588	1.0	0.99654	1.0	NA	0.99654	0.0003067939414697145	NA	NA
50	DroMel	const1pop	0.001	1.0	0.01	0.0	1.0	0.002	0.998	0.0	NA	0.0	NA	0.0	NA	NA	NA	0.0	0.9821693386773547
51	DroMel	const1pop	0.001	1.0	0.01	1.0	1.0	0.004	0.996	0.0	0.0817375125	1.0	0.09666666666666668	0.75	0.11789270623742494	0.11782864374375061	0.004160129793622098	0.9949799196787149	0.9820933734939759
52	DroMel	const1pop	0.001	1.0	0.01	10.0	1.0	0.003	0.997	0.0	0.7368843333333334	1.0	0.7383333333333333	1.0	0.6437916472718289	0.6440752723300134	0.005599814062968935	1.0	0.9811685055165495
53	DroMel	const1pop	0.001	1.0	0.01	5.0	1.0	0.003	0.997	0.0	0.32880966666666667	1.0	0.3333333333333333	1.0	0.41504675509826056	0.41480161483296574	0.00585711993419552	1.0	0.9815747241725175
54	DroMel	const1pop	0.001	1.0	0.01	50.0	1.0	0.004	0.996	0.0	0.99889575	1.0	0.9975	1.0	0.9798281650313985	0.979898852371273	0.0010364247515148412	1.0	0.9820732931726908
55	DroMel	const1pop	0.001	1.0	0.05	0.0	1.0	0.947	0.053	0.0	NA	0.0	NA	0.0	NA	NA	NA	0.0	0.989245283018868
56	DroMel	const1pop	0.001	1.0	0.05	1.0	1.0	0.944	0.056	0.0	0.11705015046486486	0.9798728813559322	0.11796030871003309	0.9608050847457628	0.13524429294011364	0.11881182575281483	0.003891775846472641	0.8392857142857143	0.9920535714285714
57	DroMel	const1pop	0.001	1.0	0.05	10.0	1.0	0.935	0.065	0.0	0.6403694855614973	1.0	0.6415294117647059	1.0	0.6615332411085137	0.6428296606720534	0.0059784416594325365	1.0	0.9932307692307693
58	DroMel	const1pop	0.001	1.0	0.05	5.0	1.0	0.944	0.056	0.0	0.42236893612288134	1.0	0.4233898305084745	1.0	0.4207703359433673	0.42324313881282855	0.006692909339722112	1.0	0.9918750000000001
59	DroMel	const1pop	0.001	1.0	0.05	50.0	1.0	0.96	0.04	0.0	0.9812557916666668	1.0	0.9811979166666666	1.0	0.9840036436304385	0.9813101457452175	0.0011856248196460495	1.0	0.9881249999999999
60	DroMel	const1pop	0.001	1.0	0.1	0.0	1.0	0.998	0.002	0.0	NA	0.0	NA	0.0	NA	NA	NA	0.0	0.995
61	DroMel	const1pop	0.001	1.0	0.1	1.0	1.0	1.0	0.0	0.0	0.12944045030362694	0.965	0.13132804232804232	0.945	NA	0.13132804232804232	0.005016960551840772	NA	NA
62	DroMel	const1pop	0.001	1.0	0.1	10.0	1.0	0.999	0.001	0.0	0.652077128128128	1.0	0.6523573573573574	1.0	0.39195979899497485	0.652096959798995	0.006246589660552663	1.0	0.995
63	DroMel	const1pop	0.001	1.0	0.1	5.0	1.0	0.998	0.002	0.0	0.42486298376753506	1.0	0.4256870611835506	0.998997995991984	0.44214562395309887	0.42572001125916537	0.006522800988790845	1.0	0.9775
64	DroMel	const1pop	0.001	1.0	0.1	50.0	1.0	1.0	0.0	0.0	0.9799995109999999	1.0	0.97976	1.0	NA	0.97976	0.0013415446851082306	NA	NA
65	DroMel	const1pop	0.001	1.0	0.5	0.0	1.0	1.0	0.0	0.0	NA	0.0	NA	0.0	NA	NA	NA	NA	NA
66	DroMel	const1pop	0.001	1.0	0.5	1.0	1.0	1.0	0.0	0.0	0.12325996338549222	0.965	0.12415005246589716	0.953	NA	0.12415005246589716	0.004675060666467822	NA	NA
67	DroMel	const1pop	0.001	1.0	0.5	10.0	1.0	1.0	0.0	0.0	0.6398646969999999	1.0	0.640465	1.0	NA	0.640465	0.0059385794177143495	NA	NA
68	DroMel	const1pop	0.001	1.0	0.5	5.0	1.0	1.0	0.0	0.0	0.4142707265	1.0	0.41208500000000003	1.0	NA	0.41208500000000003	0.00636418735233774	NA	NA
69	DroMel	const1pop	0.001	1.0	0.5	50.0	1.0	1.0	0.0	0.0	0.980131468	1.0	0.979945	1.0	NA	0.979945	0.0013133151837132517	NA	NA
70	DroMel	const1pop	0.001	1.0	1.0	0.0	1.0	1.0	0.0	0.0	NA	0.0	NA	0.0	NA	NA	NA	NA	NA
71	DroMel	const1pop	0.001	1.0	1.0	1.0	1.0	1.0	0.0	0.0	0.12714614333115942	0.966	0.12904963041182682	0.947	NA	0.12904963041182682	0.004890508210963826	NA	NA
72	DroMel	const1pop	0.001	1.0	1.0	10.0	1.0	1.0	0.0	0.0	0.645150347	1.0	0.64463	1.0	NA	0.64463	0.006162827560750304	NA	NA
73	DroMel	const1pop	0.001	1.0	1.0	5.0	1.0	1.0	0.0	0.0	0.42323251647000004	1.0	0.4244394394394394	0.999	NA	0.4244394394394394	0.006521863624154682	NA	NA
74	DroMel	const1pop	0.001	1.0	1.0	50.0	1.0	1.0	0.0	0.0	0.9818053609999999	1.0	0.98162	1.0	NA	0.98162	0.0012154229111107182	NA	NA
75	DroMel	const1pop	0.01	0.0	0.01	0.0	1.0	0.929	0.049	0.022	NA	0.0	NA	0.0	NA	NA	NA	0.0	0.1254929577464789
76	DroMel	const1pop	0.01	0.0	0.01	1.0	1.0	0.931	0.045	0.024	0.2614992516648765	1.0	0.2616487647690655	1.0	0.7133059507300923	0.2752925755949715	0.010174606621786512	0.6444444444444445	0.08789855072463768
77	DroMel	const1pop	0.01	0.0	0.01	10.0	1.0	0.941	0.042	0.017	0.9365661583421891	1.0	0.9366790648246546	1.0	0.9995709995709996	0.939366207509646	0.0037569932627486377	1.0	0.16601694915254236
78	DroMel	const1pop	0.01	0.0	0.01	5.0	1.0	0.929	0.048	0.023	0.77122246393972	1.0	0.7718998923573736	1.0	0.9792299898682876	0.7818840261514441	0.007772556031252247	0.9791666666666666	0.09894366197183099
79	DroMel	const1pop	0.01	0.0	0.01	50.0	1.0	0.924	0.049	0.027	0.9992875032467532	1.0	0.9992424242424242	1.0	1.0	0.9992805755395683	0.00011332723383623672	1.0	0.07322368421052632
80	DroMel	const1pop	0.01	0.0	0.05	0.0	1.0	1.0	0.0	0.0	NA	0.0	NA	0.0	NA	NA	NA	NA	NA
81	DroMel	const1pop	0.01	0.0	0.05	1.0	1.0	1.0	0.0	0.0	0.29389725994000004	1.0	0.2938138138138138	0.999	NA	0.2938138138138138	0.00992244107922074	NA	NA
82	DroMel	const1pop	0.01	0.0	0.05	10.0	1.0	1.0	0.0	0.0	0.941783944	1.0	0.9413349999999999	1.0	NA	0.9413349999999999	0.003565523205748454	NA	NA
83	DroMel	const1pop	0.01	0.0	0.05	5.0	1.0	1.0	0.0	0.0	0.7762757280000001	1.0	0.776685	1.0	NA	0.776685	0.007671185231622155	NA	NA
84	DroMel	const1pop	0.01	0.0	0.05	50.0	1.0	1.0	0.0	0.0	0.999460773	1.0	0.99955	1.0	NA	0.99955	7.812556306103409e-05	NA	NA
85	DroMel	const1pop	0.01	0.0	0.1	0.0	1.0	1.0	0.0	0.0	NA	0.0	NA	0.0	NA	NA	NA	NA	NA
86	DroMel	const1pop	0.01	0.0	0.1	1.0	1.0	1.0	0.0	0.0	0.279531185	1.0	0.28066066066066064	0.999	NA	0.28066066066066064	0.009912511847233593	NA	NA
87	DroMel	const1pop	0.01	0.0	0.1	10.0	1.0	1.0	0.0	0.0	0.940695629	1.0	0.9402149999999999	1.0	NA	0.9402149999999999	0.003729670121366529	NA	NA
88	DroMel	const1pop	0.01	0.0	0.1	5.0	1.0	1.0	0.0	0.0	0.7830222670000001	1.0	0.781925	1.0	NA	0.781925	0.007728758184733049	NA	NA
89	DroMel	const1pop	0.01	0.0	0.1	50.0	1.0	1.0	0.0	0.0	0.9991566849999999	1.0	0.99907	1.0	NA	0.99907	0.00015217837644770126	NA	NA
90	DroMel	const1pop	0.01	0.0	0.5	0.0	1.0	1.0	0.0	0.0	NA	0.0	NA	0.0	NA	NA	NA	NA	NA
91	DroMel	const1pop	0.01	0.0	0.5	1.0	1.0	1.0	0.0	0.0	0.28932772608000007	1.0	0.2894839679358717	0.998	NA	0.2894839679358717	0.009960288688243337	NA	NA
92	DroMel	const1pop	0.01	0.0	0.5	10.0	1.0	1.0	0.0	0.0	0.9447970029999999	1.0	0.94498	1.0	NA	0.94498	0.0034270386916686823	NA	NA
93	DroMel	const1pop	0.01	0.0	0.5	5.0	1.0	1.0	0.0	0.0	0.797128829	1.0	0.79777	1.0	NA	0.79777	0.007460887476831557	NA	NA
94	DroMel	const1pop	0.01	0.0	0.5	50.0	1.0	1.0	0.0	0.0	0.9992595049999999	1.0	0.99933	1.0	NA	0.99933	0.00012890972700970918	NA	NA
95	DroMel	const1pop	0.01	0.0	1.0	0.0	1.0	1.0	0.0	0.0	NA	0.0	NA	0.0	NA	NA	NA	NA	NA
96	DroMel	const1pop	0.01	0.0	1.0	1.0	1.0	1.0	0.0	0.0	0.29622085769	1.0	0.29697697697697695	0.999	NA	0.29697697697697695	0.010073947625629225	NA	NA
97	DroMel	const1pop	0.01	0.0	1.0	10.0	1.0	1.0	0.0	0.0	0.943299016	1.0	0.942395	1.0	NA	0.942395	0.003521269417882323	NA	NA
98	DroMel	const1pop	0.01	0.0	1.0	5.0	1.0	1.0	0.0	0.0	0.7844095670000001	1.0	0.78406	1.0	NA	0.78406	0.00765384202199769	NA	NA
99	DroMel	const1pop	0.01	0.0	1.0	50.0	1.0	1.0	0.0	0.0	0.9993262230000001	1.0	0.9993150000000001	1.0	NA	0.9993150000000001	0.00011691639938197065	NA	NA
100	DroMel	const1pop	0.01	0.5	0.01	0.0	1.0	1.0	0.0	0.0	NA	0.0	NA	0.0	NA	NA	NA	NA	NA
101	DroMel	const1pop	0.01	0.5	0.01	1.0	1.0	1.0	0.0	0.0	0.024618826301	1.0	0.027850779510022274	0.898	NA	0.027850779510022274	0.002578972915884292	NA	NA
102	DroMel	const1pop	0.01	0.5	0.01	10.0	1.0	1.0	0.0	0.0	0.2044755337	1.0	0.20438	1.0	NA	0.20438	0.004610843249935469	NA	NA
103	DroMel	const1pop	0.01	0.5	0.01	5.0	1.0	1.0	0.0	0.0	0.109365481	1.0	0.109855	1.0	NA	0.109855	0.0038619902827355668	NA	NA
104	DroMel	const1pop	0.01	0.5	0.01	50.0	1.0	1.0	0.0	0.0	0.66731758	1.0	0.6654150000000001	1.0	NA	0.6654150000000001	0.004707298740937995	NA	NA
105	DroMel	const1pop	0.01	0.5	0.05	0.0	1.0	1.0	0.0	0.0	NA	0.0	NA	0.0	NA	NA	NA	NA	NA
106	DroMel	const1pop	0.01	0.5	0.05	1.0	1.0	1.0	0.0	0.0	0.022123797858	1.0	0.02494880546075085	0.879	NA	0.02494880546075085	0.0018969839542460568	NA	NA
107	DroMel	const1pop	0.01	0.5	0.05	10.0	1.0	1.0	0.0	0.0	0.2001561367	1.0	0.20192500000000002	1.0	NA	0.20192500000000002	0.004602260333268335	NA	NA
108	DroMel	const1pop	0.01	0.5	0.05	5.0	1.0	1.0	0.0	0.0	0.111681621	1.0	0.11149500000000001	1.0	NA	0.11149500000000001	0.003946969539221647	NA	NA
109	DroMel	const1pop	0.01	0.5	0.05	50.0	1.0	1.0	0.0	0.0	0.6712006300000001	1.0	0.671235	1.0	NA	0.671235	0.004769139803934193	NA	NA
110	DroMel	const1pop	0.01	0.5	0.1	0.0	1.0	1.0	0.0	0.0	NA	0.0	NA	0.0	NA	NA	NA	NA	NA
111	DroMel	const1pop	0.01	0.5	0.1	1.0	1.0	1.0	0.0	0.0	0.024577444470000005	1.0	0.028174061433447098	0.879	NA	0.028174061433447098	0.002350065812445091	NA	NA
112	DroMel	const1pop	0.01	0.5	0.1	10.0	1.0	1.0	0.0	0.0	0.20317959480000003	1.0	0.20370500000000002	1.0	NA	0.20370500000000002	0.004890113616899529	NA	NA
113	DroMel	const1pop	0.01	0.5	0.1	5.0	1.0	1.0	0.0	0.0	0.10859370920000001	1.0	0.1093	1.0	NA	0.1093	0.0035263075369066786	NA	NA
114	DroMel	const1pop	0.01	0.5	0.1	50.0	1.0	1.0	0.0	0.0	0.668267648	1.0	0.669135	1.0	NA	0.669135	0.004622736902687787	NA	NA
115	DroMel	const1pop	0.01	0.5	0.5	0.0	1.0	1.0	0.0	0.0	NA	0.0	NA	0.0	NA	NA	NA	NA	NA
116	DroMel	const1pop	0.01	0.5	0.5	1.0	1.0	1.0	0.0	0.0	0.0236414047	1.0	0.027126567844925883	0.877	NA	0.027126567844925883	0.002269780147119589	NA	NA
117	DroMel	const1pop	0.01	0.5	0.5	10.0	1.0	1.0	0.0	0.0	0.2092076066	1.0	0.208135	1.0	NA	0.208135	0.0048111062676393385	NA	NA
118	DroMel	const1pop	0.01	0.5	0.5	5.0	1.0	1.0	0.0	0.0	0.1156765649	1.0	0.11546000000000001	1.0	NA	0.11546000000000001	0.004376653229751416	NA	NA
119	DroMel	const1pop	0.01	0.5	0.5	50.0	1.0	1.0	0.0	0.0	0.670983779	1.0	0.67113	1.0	NA	0.67113	0.004791903112066795	NA	NA
120	DroMel	const1pop	0.01	0.5	1.0	0.0	1.0	1.0	0.0	0.0	NA	0.0	NA	0.0	NA	NA	NA	NA	NA
121	DroMel	const1pop	0.01	0.5	1.0	1.0	1.0	1.0	0.0	0.0	0.022885910687999996	1.0	0.026829836829836834	0.858	NA	0.026829836829836834	0.0022437779690159657	NA	NA
122	DroMel	const1pop	0.01	0.5	1.0	10.0	1.0	1.0	0.0	0.0	0.20254259859999998	1.0	0.20220500000000002	1.0	NA	0.20220500000000002	0.004827319752304687	NA	NA
123	DroMel	const1pop	0.01	0.5	1.0	5.0	1.0	1.0	0.0	0.0	0.1126092335	1.0	0.113755	1.0	NA	0.113755	0.004361312419561458	NA	NA
124	DroMel	const1pop	0.01	0.5	1.0	50.0	1.0	1.0	0.0	0.0	0.6727966700000001	1.0	0.67207	1.0	NA	0.67207	0.004794935505979878	NA	NA
125	DroMel	const1pop	0.01	1.0	0.01	0.0	1.0	0.522	0.478	0.0	NA	0.0	NA	0.0	NA	NA	NA	0.0	0.9967991631799162
126	DroMel	const1pop	0.01	1.0	0.01	1.0	1.0	0.551	0.449	0.0	0.02491060768832685	0.9328493647912885	0.030494117647058824	0.7713248638838476	0.029922306951014232	0.03024850768365712	0.0016772132270394132	0.7126948775055679	0.9960913140311802
127	DroMel	const1pop	0.01	1.0	0.01	10.0	1.0	0.528	0.472	0.0	0.18419970303030306	1.0	0.18532196969696968	1.0	0.1815186175403674	0.18352678747905343	0.0042234461293418546	1.0	0.9963347457627119
128	DroMel	const1pop	0.01	1.0	0.01	5.0	1.0	0.57	0.43	0.0	0.09472965768421052	1.0	0.09295254833040421	0.9982456140350877	0.10437071433349762	0.0978476857634573	0.003106885142720245	0.9930232558139535	0.9966511627906975
129	DroMel	const1pop	0.01	1.0	0.01	50.0	1.0	0.542	0.458	0.0	0.562528258302583	1.0	0.5638376383763838	1.0	0.5648014051229268	0.5642790435463005	0.004946621781599682	1.0	0.9962227074235808
130	DroMel	const1pop	0.01	1.0	0.05	0.0	1.0	1.0	0.0	0.0	NA	0.0	NA	0.0	NA	NA	NA	NA	NA
131	DroMel	const1pop	0.01	1.0	0.05	1.0	1.0	1.0	0.0	0.0	0.02897603410011737	0.852	0.03448446327683616	0.708	NA	0.03448446327683616	0.0029871476738235815	NA	NA
132	DroMel	const1pop	0.01	1.0	0.05	10.0	1.0	0.999	0.001	0.0	0.1798893793293293	1.0	0.1792142142142142	1.0	0.03015075376884422	0.17906515075376886	0.003994942480049214	1.0	0.995
133	DroMel	const1pop	0.01	1.0	0.05	5.0	1.0	1.0	0.0	0.0	0.10563919661985958	0.997	0.10627144298688193	0.991	NA	0.10627144298688193	0.003498360838570901	NA	NA
134	DroMel	const1pop	0.01	1.0	0.05	50.0	1.0	1.0	0.0	0.0	0.563607274	1.0	0.5641000000000002	1.0	NA	0.5641000000000002	0.004794677145432101	NA	NA
135	DroMel	const1pop	0.01	1.0	0.1	0.0	1.0	1.0	0.0	0.0	NA	0.0	NA	0.0	NA	NA	NA	NA	NA
136	DroMel	const1pop	0.01	1.0	0.1	1.0	1.0	1.0	0.0	0.0	0.02546075558244994	0.849	0.030924608819345663	0.703	NA	0.030924608819345663	0.0018288074948402864	NA	NA
137	DroMel	const1pop	0.01	1.0	0.1	10.0	1.0	1.0	0.0	0.0	0.18080706806806807	0.999	0.18218718718718718	0.999	NA	0.18218718718718718	0.004245353817651607	NA	NA
138	DroMel	const1pop	0.01	1.0	0.1	5.0	1.0	1.0	0.0	0.0	0.10180273095390781	0.998	0.10239898989898989	0.99	NA	0.10239898989898989	0.00329510161300375	NA	NA
139	DroMel	const1pop	0.01	1.0	0.1	50.0	1.0	1.0	0.0	0.0	0.56624437	1.0	0.5667000000000001	1.0	NA	0.5667000000000001	0.004783805472089642	NA	NA
140	DroMel	const1pop	0.01	1.0	0.5	0.0	1.0	1.0	0.0	0.0	NA	0.0	NA	0.0	NA	NA	NA	NA	NA
141	DroMel	const1pop	0.01	1.0	0.5	1.0	1.0	1.0	0.0	0.0	0.024855424473387098	0.868	0.02994413407821229	0.716	NA	0.02994413407821229	0.001714525570561002	NA	NA
142	DroMel	const1pop	0.01	1.0	0.5	10.0	1.0	1.0	0.0	0.0	0.18131367299999998	1.0	0.18272000000000002	1.0	NA	0.18272000000000002	0.0039014129008120408	NA	NA
143	DroMel	const1pop	0.01	1.0	0.5	5.0	1.0	1.0	0.0	0.0	0.100156460594	1.0	0.1009136546184739	0.996	NA	0.1009136546184739	0.0032273835056972943	NA	NA
144	DroMel	const1pop	0.01	1.0	0.5	50.0	1.0	1.0	0.0	0.0	0.5600409529999999	1.0	0.5609749999999999	1.0	NA	0.5609749999999999	0.004697088141818504	NA	NA
145	DroMel	const1pop	0.01	1.0	1.0	0.0	1.0	1.0	0.0	0.0	NA	0.0	NA	0.0	NA	NA	NA	NA	NA
146	DroMel	const1pop	0.01	1.0	1.0	1.0	1.0	1.0	0.0	0.0	0.0262358263052879	0.851	0.031976421636615814	0.721	NA	0.031976421636615814	0.0014975184944357232	NA	NA
147	DroMel	const1pop	0.01	1.0	1.0	10.0	1.0	1.0	0.0	0.0	0.17847747218	1.0	0.17868368368368368	0.999	NA	0.17868368368368368	0.00382455178795995	NA	NA
148	DroMel	const1pop	0.01	1.0	1.0	5.0	1.0	1.0	0.0	0.0	0.10333622156469408	0.997	0.10380664652567977	0.993	NA	0.10380664652567977	0.0033061776894834764	NA	NA
149	DroMel	const1pop	0.01	1.0	1.0	50.0	1.0	1.0	0.0	0.0	0.566268499	1.0	0.566315	1.0	NA	0.566315	0.0049323294343189055	NA	NA
150	DroMel	const1pop	0.1	0.0	0.01	0.0	1.0	1.0	0.0	0.0	NA	0.0	NA	0.0	NA	NA	NA	NA	NA
151	DroMel	const1pop	0.1	0.0	0.01	1.0	1.0	1.0	0.0	0.0	0.10348265273253254	0.999	0.13362630208333331	0.768	NA	0.13362630208333331	0.009141473990926914	NA	NA
152	DroMel	const1pop	0.1	0.0	0.01	10.0	1.0	1.0	0.0	0.0	0.6350107225	1.0	0.63406	1.0	NA	0.63406	0.010107501074844266	NA	NA
153	DroMel	const1pop	0.1	0.0	0.01	5.0	1.0	1.0	0.0	0.0	0.41670588648	1.0	0.415835	1.0	NA	0.415835	0.011193990941938814	NA	NA
154	DroMel	const1pop	0.1	0.0	0.01	50.0	1.0	1.0	0.0	0.0	0.977921314	1.0	0.9781299999999999	1.0	NA	0.9781299999999999	0.0020338484800101605	NA	NA
155	DroMel	const1pop	0.1	0.0	0.05	0.0	1.0	1.0	0.0	0.0	NA	0.0	NA	0.0	NA	NA	NA	NA	NA
156	DroMel	const1pop	0.1	0.0	0.05	1.0	1.0	1.0	0.0	0.0	0.11625962971042084	0.998	0.14963963963963964	0.777	NA	0.14963963963963964	0.00965971855174898	NA	NA
157	DroMel	const1pop	0.1	0.0	0.05	10.0	1.0	1.0	0.0	0.0	0.6146457350999999	1.0	0.6147999999999999	1.0	NA	0.6147999999999999	0.010297088910951484	NA	NA
158	DroMel	const1pop	0.1	0.0	0.05	5.0	1.0	1.0	0.0	0.0	0.40846899321	1.0	0.409445	1.0	NA	0.409445	0.011221099770301264	NA	NA
159	DroMel	const1pop	0.1	0.0	0.05	50.0	1.0	1.0	0.0	0.0	0.982391901	1.0	0.9823999999999999	1.0	NA	0.9823999999999999	0.0018754218744611055	NA	NA
160	DroMel	const1pop	0.1	0.0	0.1	0.0	1.0	1.0	0.0	0.0	NA	0.0	NA	0.0	NA	NA	NA	NA	NA
161	DroMel	const1pop	0.1	0.0	0.1	1.0	1.0	1.0	0.0	0.0	0.09181208274334333	0.999	0.11787109375	0.768	NA	0.11787109375	0.008434488416445148	NA	NA
162	DroMel	const1pop	0.1	0.0	0.1	10.0	1.0	1.0	0.0	0.0	0.6352187672999999	1.0	0.634495	1.0	NA	0.634495	0.010099818132090365	NA	NA
163	DroMel	const1pop	0.1	0.0	0.1	5.0	1.0	1.0	0.0	0.0	0.4085030856	1.0	0.40902	1.0	NA	0.40902	0.010920718918720585	NA	NA
164	DroMel	const1pop	0.1	0.0	0.1	50.0	1.0	1.0	0.0	0.0	0.9835446130000001	1.0	0.983865	1.0	NA	0.983865	0.0017534284377431224	NA	NA
165	DroMel	const1pop	0.1	0.0	0.5	0.0	1.0	1.0	0.0	0.0	NA	0.0	NA	0.0	NA	NA	NA	NA	NA
166	DroMel	const1pop	0.1	0.0	0.5	1.0	1.0	1.0	0.0	0.0	0.09690048978929999	1.0	0.131112618724559	0.737	NA	0.131112618724559	0.009054205652640422	NA	NA
167	DroMel	const1pop	0.1	0.0	0.5	10.0	1.0	1.0	0.0	0.0	0.6261695721999999	1.0	0.626695	1.0	NA	0.626695	0.009997945333211513	NA	NA
168	DroMel	const1pop	0.1	0.0	0.5	5.0	1.0	1.0	0.0	0.0	0.37550458466	1.0	0.37504999999999994	1.0	NA	0.37504999999999994	0.01066862301410154	NA	NA
169	DroMel	const1pop	0.1	0.0	0.5	50.0	1.0	1.0	0.0	0.0	0.979365546	1.0	0.97936	1.0	NA	0.97936	0.0020301260581086613	NA	NA
170	DroMel	const1pop	0.1	0.0	1.0	0.0	1.0	1.0	0.0	0.0	NA	0.0	NA	0.0	NA	NA	NA	NA	NA
171	DroMel	const1pop	0.1	0.0	1.0	1.0	1.0	1.0	0.0	0.0	0.09478247634554554	0.999	0.12377457404980341	0.763	NA	0.12377457404980341	0.008500662235598602	NA	NA
172	DroMel	const1pop	0.1	0.0	1.0	10.0	1.0	1.0	0.0	0.0	0.6243011183999999	1.0	0.6248699999999999	1.0	NA	0.6248699999999999	0.010277690110818383	NA	NA
173	DroMel	const1pop	0.1	0.0	1.0	5.0	1.0	1.0	0.0	0.0	0.39544954692	1.0	0.39582	1.0	NA	0.39582	0.010921080422632075	NA	NA
174	DroMel	const1pop	0.1	0.0	1.0	50.0	1.0	1.0	0.0	0.0	0.986587507	1.0	0.98625	1.0	NA	0.98625	0.0015225655012858087	NA	NA
175	DroMel	const1pop	0.1	0.5	0.01	0.0	1.0	1.0	0.0	0.0	NA	0.0	NA	0.0	NA	NA	NA	NA	NA
176	DroMel	const1pop	0.1	0.5	0.01	1.0	1.0	1.0	0.0	0.0	0.0069735845314314315	0.999	0.013572815533980584	0.515	NA	0.013572815533980584	0.0013578015954177148	NA	NA
177	DroMel	const1pop	0.1	0.5	0.01	10.0	1.0	1.0	0.0	0.0	0.05753966459999999	1.0	0.05791791791791792	0.999	NA	0.05791791791791792	0.0017144770880540474	NA	NA
178	DroMel	const1pop	0.1	0.5	0.01	5.0	1.0	1.0	0.0	0.0	0.02951769466	1.0	0.030448916408668734	0.969	NA	0.030448916408668734	0.0011536261400426752	NA	NA
179	DroMel	const1pop	0.1	0.5	0.01	50.0	1.0	1.0	0.0	0.0	0.252312186	1.0	0.252815	1.0	NA	0.252815	0.0029638632323810525	NA	NA
180	DroMel	const1pop	0.1	0.5	0.05	0.0	1.0	1.0	0.0	0.0	NA	0.0	NA	0.0	NA	NA	NA	NA	NA
181	DroMel	const1pop	0.1	0.5	0.05	1.0	1.0	1.0	0.0	0.0	0.0062111475769	1.0	0.011583011583011584	0.518	NA	0.011583011583011584	0.0008736396681097806	NA	NA
182	DroMel	const1pop	0.1	0.5	0.05	10.0	1.0	1.0	0.0	0.0	0.056735759200000006	1.0	0.05662162162162163	0.999	NA	0.05662162162162163	0.0014712792500209935	NA	NA
183	DroMel	const1pop	0.1	0.5	0.05	5.0	1.0	1.0	0.0	0.0	0.028587412399999998	1.0	0.02974897540983607	0.976	NA	0.02974897540983607	0.0011989747524860572	NA	NA
184	DroMel	const1pop	0.1	0.5	0.05	50.0	1.0	1.0	0.0	0.0	0.252495089	1.0	0.251775	1.0	NA	0.251775	0.002993983686213623	NA	NA
185	DroMel	const1pop	0.1	0.5	0.1	0.0	1.0	1.0	0.0	0.0	NA	0.0	NA	0.0	NA	NA	NA	NA	NA
186	DroMel	const1pop	0.1	0.5	0.1	1.0	1.0	1.0	0.0	0.0	0.0052191378513	1.0	0.010379098360655741	0.488	NA	0.010379098360655741	0.0006855855507470977	NA	NA
187	DroMel	const1pop	0.1	0.5	0.1	10.0	1.0	1.0	0.0	0.0	0.056981781599999996	1.0	0.05675675675675676	0.999	NA	0.05675675675675676	0.0015619879742090686	NA	NA
188	DroMel	const1pop	0.1	0.5	0.1	5.0	1.0	1.0	0.0	0.0	0.0292626994	1.0	0.030298047276464547	0.973	NA	0.030298047276464547	0.0011729866856169632	NA	NA
189	DroMel	const1pop	0.1	0.5	0.1	50.0	1.0	1.0	0.0	0.0	0.24700538	1.0	0.24689	1.0	NA	0.24689	0.002784884824096588	NA	NA
190	DroMel	const1pop	0.1	0.5	0.5	0.0	1.0	1.0	0.0	0.0	NA	0.0	NA	0.0	NA	NA	NA	NA	NA
191	DroMel	const1pop	0.1	0.5	0.5	1.0	1.0	1.0	0.0	0.0	0.005096187580899999	1.0	0.009775828460038988	0.513	NA	0.009775828460038988	0.0006182605087795974	NA	NA
192	DroMel	const1pop	0.1	0.5	0.5	10.0	1.0	1.0	0.0	0.0	0.0564122406	1.0	0.056510000000000005	1.0	NA	0.056510000000000005	0.0015446863616786276	NA	NA
193	DroMel	const1pop	0.1	0.5	0.5	5.0	1.0	1.0	0.0	0.0	0.028003284870000002	1.0	0.02953790238836968	0.963	NA	0.02953790238836968	0.0010887893631948563	NA	NA
194	DroMel	const1pop	0.1	0.5	0.5	50.0	1.0	1.0	0.0	0.0	0.25394138	1.0	0.25440500000000005	1.0	NA	0.25440500000000005	0.0027760993683048707	NA	NA
195	DroMel	const1pop	0.1	0.5	1.0	0.0	1.0	1.0	0.0	0.0	NA	0.0	NA	0.0	NA	NA	NA	NA	NA
196	DroMel	const1pop	0.1	0.5	1.0	1.0	1.0	1.0	0.0	0.0	0.0070340583892000005	1.0	0.013589015151515154	0.528	NA	0.013589015151515154	0.0012781444524060204	NA	NA
197	DroMel	const1pop	0.1	0.5	1.0	10.0	1.0	1.0	0.0	0.0	0.05437103	1.0	0.05251000000000001	1.0	NA	0.05251000000000001	0.0013765699563933701	NA	NA
198	DroMel	const1pop	0.1	0.5	1.0	5.0	1.0	1.0	0.0	0.0	0.02976897609	1.0	0.03094994892747702	0.979	NA	0.03094994892747702	0.0013801800819368156	NA	NA
199	DroMel	const1pop	0.1	0.5	1.0	50.0	1.0	1.0	0.0	0.0	0.251120632	1.0	0.25311500000000003	1.0	NA	0.25311500000000003	0.0029694004637492253	NA	NA
200	DroMel	const1pop	0.1	1.0	0.01	0.0	1.0	0.79	0.21	0.0	NA	0.0	NA	0.0	NA	NA	NA	0.0	0.9974285714285713
201	DroMel	const1pop	0.1	1.0	0.01	1.0	1.0	0.766	0.234	0.0	0.011498946084666667	0.783289817232376	0.017	0.5483028720626631	0.019468033216870642	0.01749360664337413	0.0006693886131599881	0.44871794871794873	0.9967735042735043
202	DroMel	const1pop	0.1	1.0	0.01	10.0	1.0	0.776	0.224	0.0	0.07565161811855671	1.0	0.07663648124191462	0.9961340206185567	0.07491508225362381	0.07625106761301016	0.0015392196669891352	0.9955357142857143	0.9970089285714285
203	DroMel	const1pop	0.1	1.0	0.01	5.0	1.0	0.8	0.2	0.0	0.04086656751130653	0.995	0.04218992248062016	0.9675	0.04479937658390671	0.04268890900193828	0.0011170526415173012	0.915	0.9978999999999999
204	DroMel	const1pop	0.1	1.0	0.01	50.0	1.0	0.765	0.235	0.0	0.2695152836601307	1.0	0.2710718954248366	1.0	0.2618818988752808	0.268912246235691	0.00250629203423198	1.0	0.9971914893617021
205	DroMel	const1pop	0.1	1.0	0.05	0.0	1.0	1.0	0.0	0.0	NA	0.0	NA	0.0	NA	NA	NA	NA	NA
206	DroMel	const1pop	0.1	1.0	0.05	1.0	1.0	1.0	0.0	0.0	0.012721878436666667	0.75	0.018838582677165355	0.508	NA	0.018838582677165355	0.0011144160664898356	NA	NA
207	DroMel	const1pop	0.1	1.0	0.05	10.0	1.0	1.0	0.0	0.0	0.07723373679358718	0.998	0.07557575757575759	0.99	NA	0.07557575757575759	0.0015245408737839976	NA	NA
208	DroMel	const1pop	0.1	1.0	0.05	5.0	1.0	1.0	0.0	0.0	0.041625785089693876	0.98	0.04324064171122995	0.935	NA	0.04324064171122995	0.0010744593256014484	NA	NA
209	DroMel	const1pop	0.1	1.0	0.05	50.0	1.0	1.0	0.0	0.0	0.2677739986	1.0	0.267255	1.0	NA	0.267255	0.00258458314724929	NA	NA
210	DroMel	const1pop	0.1	1.0	0.1	0.0	1.0	1.0	0.0	0.0	NA	0.0	NA	0.0	NA	NA	NA	NA	NA
211	DroMel	const1pop	0.1	1.0	0.1	1.0	1.0	1.0	0.0	0.0	0.01364045132944297	0.754	0.019875	0.52	NA	0.019875	0.001329339758570293	NA	NA
212	DroMel	const1pop	0.1	1.0	0.1	10.0	1.0	1.0	0.0	0.0	0.07521596987000001	1.0	0.07595262096774194	0.992	NA	0.07595262096774194	0.0014028684008397755	NA	NA
213	DroMel	const1pop	0.1	1.0	0.1	5.0	1.0	1.0	0.0	0.0	0.04002694224285715	0.98	0.04249466950959489	0.938	NA	0.04249466950959489	0.0011110564985765195	NA	NA
214	DroMel	const1pop	0.1	1.0	0.1	50.0	1.0	1.0	0.0	0.0	0.265129006	1.0	0.26481	1.0	NA	0.26481	0.002512175337217712	NA	NA
215	DroMel	const1pop	0.1	1.0	0.5	0.0	1.0	1.0	0.0	0.0	NA	0.0	NA	0.0	NA	NA	NA	NA	NA
216	DroMel	const1pop	0.1	1.0	0.5	1.0	1.0	1.0	0.0	0.0	0.012283868983514988	0.734	0.018627254509018035	0.499	NA	0.018627254509018035	0.0009530906045618803	NA	NA
217	DroMel	const1pop	0.1	1.0	0.5	10.0	1.0	1.0	0.0	0.0	0.07576099036108325	0.997	0.0761144578313253	0.996	NA	0.0761144578313253	0.0015612177334026233	NA	NA
218	DroMel	const1pop	0.1	1.0	0.5	5.0	1.0	1.0	0.0	0.0	0.04286313085612245	0.98	0.04502662406815761	0.939	NA	0.04502662406815761	0.0012433986283029977	NA	NA
219	DroMel	const1pop	0.1	1.0	0.5	50.0	1.0	1.0	0.0	0.0	0.2732806268	1.0	0.272065	1.0	NA	0.272065	0.002776079500373214	NA	NA
220	DroMel	const1pop	0.1	1.0	1.0	0.0	1.0	1.0	0.0	0.0	NA	0.0	NA	0.0	NA	NA	NA	NA	NA
221	DroMel	const1pop	0.1	1.0	1.0	1.0	1.0	1.0	0.0	0.0	0.013136037558091285	0.723	0.018514851485148517	0.505	NA	0.018514851485148517	0.0008252463297996528	NA	NA
222	DroMel	const1pop	0.1	1.0	1.0	10.0	1.0	1.0	0.0	0.0	0.07328087800601203	0.998	0.07414400805639476	0.993	NA	0.07414400805639476	0.0014359089320126197	NA	NA
223	DroMel	const1pop	0.1	1.0	1.0	5.0	1.0	1.0	0.0	0.0	0.04143737838891149	0.983	0.0439989350372737	0.939	NA	0.0439989350372737	0.0011986192382268666	NA	NA
224	DroMel	const1pop	0.1	1.0	1.0	50.0	1.0	1.0	0.0	0.0	0.2694093575	1.0	0.26960500000000004	1.0	NA	0.26960500000000004	0.0026638252457584265	NA	NA
